Mexiko,
Südafrika,
Südkorea,
Tschechien,
Kanada,
Bosnien und Herzegowina,Bosnien Herzegowina,
Katar,
Schweiz,
Brasilien,
Marokko,
Haiti,
Schottland,
USA,
Paraguay,
Australien,
Türkei,
Deutschland,
Curaçao,Curacao
Elfenbeinküste,
Ecuador,
Niederlande,
Japan,
Schweden,
Tunesien,
Belgien,
Ägypten,
Iran,
Neuseeland,
Spanien,
Kap Verde,
Saudi-Arabien,Saudi Arabien,
Uruguay,
Frankreich,
Senegal,
Irak,
Norwegen,
Argentinien,
Algerien,
Österreich,
Jordanien,
Portugal,
Demokratische Republik Kongo,Kongo,DR Kongo,
Usbekistan,
Kolumbien,
England,
Kroatien,
Ghana,
Panama,
